Codon	min10RSCU	max10RSCU	RSCU	D-value
AAA	0.6093	0.8978	0.8182	0.2885000000000001
AAC	1.4346	1.0557	1.1216	-0.3789
AAG	1.3907	1.1022	1.1818	-0.2885
AAT	0.5654	0.9443	0.8784	0.3789
ACA	0.5532	0.9359	0.8431	0.38269999999999993
ACC	1.7042	1.1235	1.2384	-0.5807
ACG	0.7446	0.9962	0.9586	0.25159999999999993
ACT	0.998	0.9445	0.9599	-0.05349999999999999
AGA	0.5794	0.8754	0.7486	0.29599999999999993
AGC	0.8655	0.8643	0.81	-0.0012000000000000899
AGG	0.7205	0.9032	0.7938	0.18269999999999997
AGT	0.5046	0.7199	0.654	0.21529999999999994
ATA	0.2358	0.7069	0.5579	0.47109999999999996
ATC	1.9631	1.3753	1.5485	-0.5878000000000001
ATG	1.0	1.0	1.0	0.0
ATT	0.8011	0.9178	0.8936	0.11669999999999991
CAA	1.107	1.0826	1.1049	-0.024399999999999977
CAC	1.1968	0.9563	0.9613	-0.24050000000000005
CAG	0.893	0.9174	0.8951	0.024399999999999977
CAT	0.8032	1.0437	1.0387	0.24050000000000005
CCA	0.8015	1.0697	1.0136	0.2682000000000001
CCC	1.4219	1.001	1.0632	-0.42090000000000005
CCG	0.5205	0.7798	0.6969	0.2593000000000001
CCT	1.256	1.1496	1.2262	-0.10640000000000005
CGA	0.7685	1.1223	1.1501	0.3538000000000001
CGC	1.8295	1.1554	1.3297	-0.6740999999999999
CGG	0.4384	0.8824	0.7771	0.44399999999999995
CGT	1.6637	1.0613	1.2006	-0.6024
CTA	0.2985	0.6992	0.5683	0.40070000000000006
CTC	2.5953	1.4329	1.709	-1.1623999999999999
CTG	0.5997	0.9994	0.9133	0.39969999999999994
CTT	1.1604	1.1956	1.2603	0.0351999999999999
GAA	0.9212	1.0554	1.0414	0.13419999999999987
GAC	1.0825	0.9907	0.9946	-0.09179999999999999
GAG	1.0788	0.9446	0.9586	-0.13419999999999999
GAT	0.9175	1.0093	1.0054	0.0918000000000001
GCA	0.5749	0.9121	0.8272	0.33720000000000006
GCC	1.4096	1.0465	1.1152	-0.3631
GCG	0.5854	0.8987	0.8115	0.3133
GCT	1.4301	1.1427	1.2462	-0.2873999999999999
GGA	0.8984	1.0691	1.0095	0.17069999999999996
GGC	1.222	1.0549	1.1129	-0.16710000000000003
GGG	0.4462	0.8283	0.7267	0.38210000000000005
GGT	1.4334	1.0477	1.1509	-0.38569999999999993
GTA	0.304	0.6571	0.5129	0.3531
GTC	1.9922	1.3452	1.5419	-0.647
GTG	0.5621	0.9205	0.8108	0.35839999999999994
GTT	1.1417	1.0772	1.1345	-0.0645
TAA	1.2237	0.8054	0.8678	-0.4183
TAC	1.4133	1.0835	1.1343	-0.3298000000000001
TAG	0.8152	0.9377	0.9464	0.12249999999999994
TAT	0.5867	0.9165	0.8657	0.3298
TCA	0.7245	1.0539	0.9906	0.3294
TCC	1.6476	1.127	1.2409	-0.5206
TCG	0.9943	1.0881	1.0851	0.0938000000000001
TCT	1.2635	1.1467	1.2193	-0.11680000000000001
TGA	0.9611	1.2568	1.1857	0.29569999999999996
TGC	1.2756	1.06	1.0864	-0.2156
TGG	1.0	1.0	1.0	0.0
TGT	0.7244	0.94	0.9136	0.2155999999999999
TTA	0.1727	0.5257	0.4054	0.353
TTC	1.5769	1.2008	1.3013	-0.3760999999999999
TTG	1.1733	1.1472	1.1437	-0.026100000000000012
TTT	0.4231	0.7992	0.6987	0.37610000000000005
